class,parent,m_iClipCapacity,m_iClipCapacity@,m_iNbOfClips,m_iNbOfClips@,m_iNbOfExtraClips,m_iNbOfExtraClips@,m_fMuzzleVelocity,m_fMuzzleVelocity@,m_fRateOfFire,m_fRateOfFire@,m_fFireSoundRadius,m_fFireSoundRadius@,fBaseAccuracy,fBaseAccuracy@,fShuffleAccuracy,fShuffleAccuracy@,fWalkingAccuracy,fWalkingAccuracy@,fRunningAccuracy,fRunningAccuracy@,fAccuracyChange,fAccuracyChange@,fWeaponJump,fWeaponJump@,fReticuleTime,fReticuleTime@,bSingle,bSingle@,bThreeRound,bThreeRound@,bFullAuto,bFullAuto@,bCMag,bCMag@,bSilencer,bSilencer@,bLight,bLight@,bMiniScope,bMiniScope@,bHeatVision,bHeatVision@,m_fMaxZoom,m_fMaxZoom@
AssaultAK47,R6AssaultRifle,,,,,,,,,,,,,,,,,,,,,,,,,,,1,0x006917,,,1,0x00691d,1,0x006923,1,0x006929,1,0x00692f,1,0x006936,,,,
PistolAPArmy,R6Pistol,,,,,,,,,,,,,,,,,,,,,,,,,,,1,0x0069eb,,,,,1,0x0069f1,1,0x0069f7,1,0x0069fd,,,,,,
AssaultAK74,R6AssaultRifle,,,,,,,,,,,,,,,,,,,,,,,,,,,1,0x006ab3,,,1,0x006ab9,1,0x006abf,1,0x006ac5,1,0x006acb,1,0x006ad2,,,,
PistolDesertEagle357,R6Pistol,,,,,,,,,,,,,,,,,,,,,,,,,,,1,0x006b8d,,,,,1,0x006b93,1,0x006b99,1,0x006b9f,,,,,,
AssaultAUG,R6AssaultRifle,,,,,,,,,,,,,,,,,,,,,,,,,,,,,,,,,,,,,,,,,,,2.5,0x006c8d
PistolDesertEagle50,R6Pistol,,,,,,,,,,,,,,,,,,,,,,,,,,,1,0x006d6e,,,,,1,0x006d74,1,0x006d7a,1,0x006d80,,,,,,
AssaultFAL,R6AssaultRifle,,,,,,,,,,,,,,,,,,,,,,,,,,,1,0x006e42,,,1,0x006e48,1,0x006e4e,1,0x006e54,1,0x006e5a,1,0x006e61,,,,
PistolMk23,R6Pistol,,,,,,,,,,,,,,,,,,,,,,,,,,,1,0x006f1a,,,,,1,0x006f20,1,0x006f26,1,0x006f2c,,,,,,
AssaultFAMASG2,R6AssaultRifle,,,,,,,,,,,,,,,,,,,,,,,,,,,1,0x006fdd,1,0x006fe4,1,0x006fea,1,0x006ff0,1,0x006ff6,1,0x006ffc,1,0x007003,,,,
PistolP228,R6Pistol,,,,,,,,,,,,,,,,,,,,,,,,,,,1,0x0070ee,,,,,1,0x0070f4,1,0x0070fa,1,0x007100,,,,,,
AssaultFNC,R6AssaultRifle,,,,,,,,,,,,,,,,,,,,,,,,,,,1,0x0071b7,,,1,0x0071bd,1,0x0071c3,1,0x0071c9,1,0x0071cf,1,0x0071d6,,,,
PistolUSP,R6Pistol,,,,,,,,,,,,,,,,,,,,,,,,,,,1,0x007289,,,,,1,0x00728f,1,0x007295,1,0x00729b,,,,,,
AssaultG36K,R6AssaultRifle,,,,,,,,,,,,,,,,,,,,,,,,,,,1,0x007352,1,0x007359,1,0x00735f,1,0x007365,1,0x00736b,1,0x007371,,,,,2.5,0x007394
SubCZ61,R6SubMachineGun,,,,,,,,,,,,,,,,,,,,,,,,,,,1,0x00744b,,,1,0x007451,1,0x007457,1,0x00745d,1,0x007463,,,,,,
AssaultG3A3,R6AssaultRifle,,,,,,,,,,,,,,,,,,,,,,,,,,,1,0x007539,,,1,0x00753f,1,0x007545,1,0x00754b,1,0x007551,1,0x007558,,,,
SubM12S,R6SubMachineGun,,,,,,,,,,,,,,,,,,,,,,,,,,,1,0x007611,,,1,0x007617,1,0x00761d,1,0x007623,1,0x007629,1,0x007630,,,,
AssaultGalilARM,R6AssaultRifle,,,,,,,,,,,,,,,,,,,,,,,,,,,1,0x007701,,,1,0x007707,1,0x00770d,1,0x007713,1,0x007719,1,0x007720,,,,
SubMac119,R6SubMachineGun,,,,,,,,,,,,,,,,,,,,,,,,,,,,,,,1,0x0077dd,1,0x0077e3,1,0x0077e9,1,0x0077ef,,,,,,
AssaultL85A1,R6AssaultRifle,,,,,,,,,,,,,,,,,,,,,,,,,,,1,0x0078da,1,0x0078e1,1,0x0078e7,1,0x0078ed,1,0x0078f3,1,0x0078f9,,,,,2.5,0x00790d
SubMicroUzi,R6SubMachineGun,,,,,,,,,,,,,,,,,,,,,,,,,,,1,0x0079ef,,,1,0x0079f5,1,0x0079fb,1,0x007a01,1,0x007a07,,,,,,
AssaultM14,R6AssaultRifle,,,,,,,,,,,,,,,,,,,,,,,,,,,1,0x007af5,,,1,0x007afb,1,0x007b01,1,0x007b07,1,0x007b0d,1,0x007b14,,,,
SubMP510A2,R6SubMachineGun,,,,,,,,,,,,,,,,,,,,,,,,,,,1,0x007bc7,1,0x007bce,1,0x007bd4,1,0x007bda,1,0x007be0,1,0x007be6,1,0x007bed,,,,
AssaultM16A2,R6AssaultRifle,,,,,,,,,,,,,,,,,,,,,,,,,,,1,0x007cbc,1,0x007cc3,,,1,0x007cc9,1,0x007ccf,1,0x007cd5,1,0x007cdc,,,,
SubMP5A4,R6SubMachineGun,,,,,,,,,,,,,,,,,,,,,,,,,,,1,0x007d90,1,0x007d97,1,0x007d9d,1,0x007da3,1,0x007da9,1,0x007daf,1,0x007db6,,,,
AssaultM4,R6AssaultRifle,,,,,,,,,,,,,,,,,,,,,,,,,,,1,0x007e7e,,,1,0x007e84,1,0x007e8a,1,0x007e90,1,0x007e96,1,0x007e9d,,,,
SubMP5KPDW,R6SubMachineGun,,,,,,,,,,,,,,,,,,,,,,,,,,,1,0x007f53,1,0x007f5a,1,0x007f60,1,0x007f66,1,0x007f6c,1,0x007f72,1,0x007f79,,,,
AssaultM82,R6AssaultRifle,,,,,,,,,,,,,,,,,,,,,,,,,,,1,0x008060,,,1,0x008066,1,0x00806c,1,0x008072,1,0x008078,1,0x00807f,,,,
SubMTAR21,R6SubMachineGun,,,,,,,,,,,,,,,,,,,,,,,,,,,1,0x008160,,,1,0x008166,1,0x00816c,1,0x008172,1,0x008178,1,0x00817f,,,,
AssaultTAR21,R6AssaultRifle,,,,,,,,,,,,,,,,,,,,,,,,,,,1,0x00826b,,,1,0x008271,1,0x008277,1,0x00827d,1,0x008283,1,0x00828a,,,,
SubUzi,R6SubMachineGun,,,,,,,,,,,,,,,,,,,,,,,,,,,1,0x008373,,,1,0x008379,1,0x00837f,1,0x008385,1,0x00838b,,,,,,
AssaultType97,R6AssaultRifle,,,,,,,,,,,,,,,,,,,,,,,,,,,1,0x008473,,,1,0x008479,1,0x00847f,1,0x008485,1,0x00848b,1,0x008492,,,,
SubUMP,R6SubMachineGun,,,,,,,,,,,,,,,,,,,,,,,,,,,1,0x008573,1,0x00857a,1,0x008580,1,0x008586,1,0x00858c,1,0x008592,1,0x008599,,,,
SubTMP,R6SubMachineGun,,,,,,,,,,,,,,,,,,,,,,,,,,,1,0x008665,,,1,0x00866b,1,0x008671,1,0x008677,1,0x00867d,,,,,,
SubSR2,R6SubMachineGun,,,,,,,,,,,,,,,,,,,,,,,,,,,1,0x008763,,,1,0x008769,1,0x00876f,1,0x008775,1,0x00877b,,,,,,
Pistol92FS,R6Pistol,,,,,,,,,,,,,,,,,,,,,,,,,,,1,0x00885d,,,,,1,0x008863,1,0x008869,1,0x00886f,,,,,,
PistolCZ61,R6Pistol,,,,,,,,,,,,,,,,,,,,,,,,,,,1,0x008928,,,1,0x00892e,1,0x008934,,,1,0x00893a,,,,,,
ShotgunSPAS12,R6PumpShotgun,,,,,,,,,,,,,,,,,,,,,,,,,,,1,0x008a26,,,,,,,,,1,0x008a2c,1,0x008a33,,,,
SubMP5SD5,R6SubMachineGun,,,,,,,,,,,,,,,,,,,,,,,,,,,1,0x008aee,1,0x008af5,1,0x008afb,1,0x008b01,,,1,0x008b07,1,0x008b0e,,,,
SubP90,R6SubMachineGun,,,,,,,,,,,,,,,,,,,,,,,,,,,1,0x008bdf,,,1,0x008be5,,,1,0x008beb,1,0x008bf1,1,0x008bf8,,,,
ShotgunUSAS12,R6Shotgun,,,,,,,,,,,,,,,,,,,,,,,,,,,1,0x008ce6,,,1,0x008cec,,,,,1,0x008cf2,1,0x008cf9,,,,
SniperWA2000,R6SniperRifle,,,,,,,,,,,,,,,,,,,,,,,,,,,1,0x008db5,,,,,,,1,0x008dbb,1,0x008dc1,,,1,0x008dc8,,
PistolMac119,R6Pistol,,,,,,,,,,,,,,,,,,,,,,,,,,,,,,,1,0x008ea8,1,0x008eae,,,1,0x008eb4,,,,,,
PistolMicroUzi,R6Pistol,,,,,,,,,,,,,,,,,,,,,,,,,,,1,0x008f8a,,,1,0x008f90,1,0x008f96,,,1,0x008f9c,,,,,,
SniperSSG3000,R6BoltActionSniperRifle,,,,,,,,,,,,,,,,,,,,,,,,,,,1,0x009076,,,,,,,1,0x00907c,1,0x009082,,,1,0x009089,,
PistolSPP,R6Pistol,,,,,,,,,,,,,,,,,,,,,,,,,,,1,0x009166,,,,,,,1,0x00916c,1,0x009172,,,,,,
SniperDragunov,R6SniperRifle,,,,,,,,,,,,,,,,,,,,,,,,,,,1,0x009246,,,,,,,1,0x00924c,1,0x009252,,,1,0x009259,,
SniperM82A1,R6SniperRifle,,,,,,,,,,,,,,,,,,,,,,,,,,,1,0x009333,,,,,,,1,0x009339,1,0x00933f,,,1,0x009346,,
PistolSR2,R6Pistol,,,,,,,,,,,,,,,,,,,,,,,,,,,1,0x009423,,,1,0x009429,1,0x00942f,,,1,0x009435,,,,,,
SniperPSG1,R6SniperRifle,,,,,,,,,,,,,,,,,,,,,,,,,,,1,0x009509,,,,,,,1,0x00950f,1,0x009515,,,1,0x00951c,,
ShotgunM1,R6PumpShotgun,,,,,,,,,,,,,,,,,,,,,,,,,,,1,0x0095fa,,,,,,,,,1,0x009600,1,0x009607,,,,
LMGM249,R6MachineGun,,,,,,,,,,,,,,,,,,,,,,,,,,,,,,,1,0x0096c0,,,,,1,0x0096c6,,,,,,
LMG23E,R6MachineGun,,,,,,,,,,,,,,,,,,,,,,,,,,,,,,,1,0x00977d,,,,,1,0x009783,,,,,,
LMG21E,R6MachineGun,,,,,,,,,,,,,,,,,,,,,,,,,,,,,,,1,0x00983a,,,,,1,0x009840,,,,,,
SniperAWCovert,R6BoltActionSniperRifle,,,,,,,,,,,,,,,,,,,,,,,,,,,1,0x0098f1,,,,,,,,,1,0x0098f7,,,1,0x0098fe,,
LMGRPD,R6MachineGun,,,,,,,,,,,,,,,,,,,,,,,,,,,,,,,1,0x0099df,,,,,1,0x0099e5,,,,,,
SniperVSSVintorez,R6SniperRifle,,,,,,,,,,,,,,,,,,,,,,,,,,,1,0x009a9b,,,1,0x009aa1,,,,,1,0x009aa7,,,1,0x009aae,,
LMGM60E4,R6MachineGun,,,,,,,,,,,,,,,,,,,,,,,,,,,,,,,1,0x009b92,,,,,1,0x009b98,,,,,,
CMagAssaultGalilARM,AssaultGalilARM,100,0x009c52,2,0x009c58,1,0x009c5e,57000.0,0x009c64,0.092308,0x009c76,3800.0,0x009c70,0.729641,0x009c83,2.431466,0x009c89,3.6472,0x009c8f,15.044699,0x009c9b,4.853271,0x009ca7,7.607851,0x009cad,1.260062,0x009ca1,,,,,,,,,,,,,,,,,,
CMagAssaultL85A1,AssaultL85A1,100,0x009d99,2,0x009d9f,1,0x009da5,56400.0,0x009dab,0.086957,0x009dbd,3760.0,0x009db7,0.92118,0x009dca,2.182466,0x009dd0,3.273699,0x009dd6,13.504008,0x009de2,5.602681,0x009dee,7.769586,0x009df4,1.104063,0x009de8,,,,,,,,,,,,,,,,,,
CMagAssaultM14,AssaultM14,100,0x009ee5,2,0x009eeb,1,0x009ef1,51180.0,0x009ef7,0.082759,0x009f09,3412.0,0x009f03,0.599449,0x009f16,2.600717,0x009f1c,3.901075,0x009f22,16.091934,0x009f2e,4.798718,0x009f3a,8.395489,0x009f40,1.91125,0x009f34,,,,,,,,,,,,,,,,,,
CMagAssaultM16A2,AssaultM16A2,100,0x00a032,2,0x00a038,1,0x00a03e,59700.0,0x00a044,0.072727,0x00a056,3980.0,0x00a050,0.649744,0x00a063,2.535332,0x00a069,3.802999,0x00a06f,15.687368,0x00a07b,5.325887,0x00a087,9.709861,0x00a08d,1.106875,0x00a081,,,,,,,,,,,,,,,,,,
CMagAssaultM4,AssaultM4,100,0x00a17c,2,0x00a182,1,0x00a188,55260.0,0x00a18e,0.072727,0x00a1a0,3684.0,0x00a19a,1.259581,0x00a1ad,1.742545,0x00a1b3,2.613817,0x00a1b9,10.781995,0x00a1c5,7.091378,0x00a1d1,7.652174,0x00a1d7,0.7525,0x00a1cb,,,,,,,,,,,,,,,,,,
CMagAssaultM82,AssaultM82,100,0x00a2c5,2,0x00a2cb,1,0x00a2d1,55800.0,0x00a2d7,0.08,0x00a2e9,3720.0,0x00a2e3,1.104203,0x00a2f6,1.944535,0x00a2fc,2.916803,0x00a302,12.031814,0x00a30e,6.367109,0x00a31a,8.322622,0x00a320,0.968125,0x00a314,,,,,,,,,,,,,,,,,,
CMagAssaultTAR21,AssaultTAR21,100,0x00a40e,2,0x00a414,1,0x00a41a,53400.0,0x00a420,0.072727,0x00a432,3560.0,0x00a42c,1.055427,0x00a43f,2.007944,0x00a445,3.011917,0x00a44b,12.424156,0x00a457,6.285569,0x00a463,8.023257,0x00a469,1.174062,0x00a45d,,,,,,,,,,,,,,,,,,
CMagAssaultType97,AssaultType97,100,0x00a557,2,0x00a55d,1,0x00a563,54000.0,0x00a569,0.092308,0x00a57b,3600.0,0x00a575,1.467345,0x00a588,1.472451,0x00a58e,2.208677,0x00a594,9.11079,0x00a5a0,7.485732,0x00a5ac,9.835714,0x00a5b2,0.643188,0x00a5a6,,,,,,,,,,,,,,,,,,
CMagPistol92FS,Pistol92FS,30,0x00a69c,2,0x00a6a2,3,0x00a6a8,23400.0,0x00a6ae,0.1,0x00a6c0,1560.0,0x00a6ba,1.627617,0x00a6cd,1.653051,0x00a6d3,2.066314,0x00a6d9,8.523544,0x00a6e5,9.218299,0x00a6f1,11.72219,0x00a6f7,0.968938,0x00a6eb,,,,,,,,,,,,,,,,,,
CMagAssaultG3A3,AssaultG3A3,100,0x00a7a8,2,0x00a7ae,1,0x00a7b4,47400.0,0x00a7ba,0.109091,0x00a7cc,3160.0,0x00a7c6,0.870009,0x00a7d9,2.248988,0x00a7df,3.373482,0x00a7e5,13.915612,0x00a7f1,4.784691,0x00a7fd,7.80125,0x00a803,1.726562,0x00a7f7,,,,,,,,,,,,,,,,,,
CMagPistolAPArmy,PistolAPArmy,30,0x00a8fd,2,0x00a903,2,0x00a909,39000.0,0x00a90f,0.1,0x00a921,2600.0,0x00a91b,1.60572,0x00a92f,1.690276,0x00a935,2.112845,0x00a93b,8.715486,0x00a947,9.175662,0x00a953,13.475526,0x00a959,0.870125,0x00a94d,,,,,,,,,,,,,,,,,,
CMagPistolCZ61,PistolCZ61,30,0x00aa16,2,0x00aa1c,2,0x00aa22,19080.0,0x00aa28,0.071429,0x00aa3a,318.0,0x00aa34,1.963358,0x00aa48,2.612292,0x00aa4e,3.265365,0x00aa54,13.469631,0x00aa60,8.548735,0x00aa6c,3.447409,0x00aa72,1.118188,0x00aa66,,,,,,,,,,,,,,,,,,
CMagAssaultG36K,AssaultG36K,100,0x00ab2d,2,0x00ab33,1,0x00ab39,55200.0,0x00ab3f,0.08,0x00ab51,3680.0,0x00ab4b,1.006018,0x00ab5e,2.072177,0x00ab64,3.108265,0x00ab6a,12.821594,0x00ab76,6.14098,0x00ab82,8.845573,0x00ab88,0.97375,0x00ab7c,,,,,,,,,,,,,,,,,,
CMagPistolDesertEagle357,PistolDesertEagle357,18,0x00ac87,2,0x00ac8d,3,0x00ac93,26160.0,0x00ac99,0.1,0x00acab,1744.0,0x00aca5,1.562513,0x00acb9,1.763728,0x00acbf,2.20466,0x00acc5,9.094222,0x00acd1,8.986837,0x00acdd,11.973579,0x00ace3,1.16,0x00acd7,,,,,,,,,,,,,,,,,,
CMagPistolDesertEagle50,PistolDesertEagle50,14,0x00ada0,2,0x00ada6,3,0x00adac,23700.0,0x00adb2,0.1,0x00adc4,1580.0,0x00adbe,1.581697,0x00add2,1.731116,0x00add8,2.163895,0x00adde,8.926065,0x00adea,9.175412,0x00adf6,19.586607,0x00adfc,1.485,0x00adf0,,,,,,,,,,,,,,,,,,
CMagAssaultFNC,AssaultFNC,100,0x00aead,2,0x00aeb3,1,0x00aeb9,57900.0,0x00aebf,0.092308,0x00aed1,3860.0,0x00aecb,0.698086,0x00aede,2.472488,0x00aee4,3.708732,0x00aeea,15.29852,0x00aef6,4.700506,0x00af02,7.409122,0x00af08,1.346125,0x00aefc,,,,,,,,,,,,,,,,,,
CMagPistolMac119,PistolMac119,32,0x00b006,2,0x00b00c,2,0x00b012,21960.0,0x00b018,0.05,0x00b02a,1464.0,0x00b024,2.532495,0x00b037,3.344759,0x00b03d,4.180949,0x00b043,17.246412,0x00b04f,9.213383,0x00b05b,6.324285,0x00b061,1.143687,0x00b055,,,,,,,,,,,,,,,,,,
CMagPistolMicroUzi,PistolMicroUzi,32,0x00b123,2,0x00b129,2,0x00b12f,20700.0,0x00b135,0.1,0x00b147,1380.0,0x00b141,2.011181,0x00b154,2.530992,0x00b15a,3.16374,0x00b160,13.050429,0x00b16c,8.873637,0x00b178,8.041384,0x00b17e,1.128688,0x00b172,,,,,,,,,,,,,,,,,,
CMagAssaultFAMASG2,AssaultFAMASG2,100,0x00b235,2,0x00b23b,1,0x00b241,55500.0,0x00b247,0.054545,0x00b259,3700.0,0x00b253,0.983548,0x00b266,2.101387,0x00b26c,3.152081,0x00b272,13.002334,0x00b27e,6.3233,0x00b28a,7.696098,0x00b290,1.063938,0x00b284,,,,,,,,,,,,,,,,,,
CMagPistolMk23,PistolMk23,24,0x00b38f,2,0x00b395,3,0x00b39b,16200.0,0x00b3a1,0.1,0x00b3b3,270.0,0x00b3ad,1.602875,0x00b3c1,1.695113,0x00b3c7,2.118892,0x00b3cd,8.740428,0x00b3d9,9.013855,0x00b3e5,8.428828,0x00b3eb,1.077688,0x00b3df,,,,,,,,,,,,,,,,,,
CMagPistolP228,PistolP228,,,3,0x00b4ae,3,0x00b4b4,21960.0,0x00b4ba,0.1,0x00b4cc,1464.0,0x00b4c6,1.676925,0x00b4d9,1.569227,0x00b4df,1.961534,0x00b4e5,8.091328,0x00b4f1,9.401095,0x00b4fd,11.843024,0x00b503,0.91325,0x00b4f7,,,,,,,,,,,,,,,,,,
CMagAssaultFAL,AssaultFAL,100,0x00b5b4,2,0x00b5ba,1,0x00b5c0,50400.0,0x00b5c6,0.092308,0x00b5d8,3360.0,0x00b5d2,0.648063,0x00b5e5,2.537518,0x00b5eb,3.806278,0x00b5f1,15.700894,0x00b5fd,4.856827,0x00b609,8.851613,0x00b60f,1.760313,0x00b603,,,,,,,,,,,,,,,,,,
CMagPistolSR2,PistolSR2,30,0x00b709,2,0x00b70f,2,0x00b715,25200.0,0x00b71b,0.1,0x00b72d,1680.0,0x00b727,1.837456,0x00b73b,2.826324,0x00b741,3.532905,0x00b747,14.573235,0x00b753,8.469121,0x00b75f,8.323098,0x00b765,1.180812,0x00b759,,,,,,,,,,,,,,,,,,
CMagPistolUSP,PistolUSP,,,2,0x00b82e,3,0x00b834,20400.0,0x00b83a,0.1,0x00b84c,1360.0,0x00b846,1.691747,0x00b85a,1.544031,0x00b860,1.930038,0x00b866,7.961408,0x00b872,9.479315,0x00b87e,13.440829,0x00b884,0.916625,0x00b878,,,,,,,,,,,,,,,,,,
CMagAssaultAUG,AssaultAUG,100,0x00b935,2,0x00b93b,1,0x00b941,55800.0,0x00b947,0.092308,0x00b959,3720.0,0x00b953,1.016334,0x00b966,2.058766,0x00b96c,3.088149,0x00b972,12.738612,0x00b97e,5.502531,0x00b98a,7.684651,0x00b990,1.095625,0x00b984,,,,,,,,,,,,,,,,,,
CMagSubCZ61,SubCZ61,50,0x00ba8a,4,0x00ba90,3,0x00ba96,19080.0,0x00ba9c,0.071429,0x00baae,318.0,0x00baa8,1.733978,0x00babc,1.905828,0x00bac2,2.858742,0x00bac8,11.792312,0x00bad4,7.413213,0x00bae0,2.973622,0x00bae6,0.320125,0x00bada,,,,,,,,,,,,,,,,,,
CMagSubM12S,SubM12S,100,0x00bbb5,2,0x00bbbb,1,0x00bbc1,25800.0,0x00bbc7,0.109091,0x00bbd9,1720.0,0x00bbd3,1.507128,0x00bbe6,1.810734,0x00bbec,2.716101,0x00bbf2,11.203915,0x00bbfe,6.577107,0x00bc0a,5.377518,0x00bc10,0.846812,0x00bc04,,,,,,,,,,,,,,,,,,
CMagAssaultAK74,AssaultAK74,100,0x00bcd1,2,0x00bcd7,1,0x00bcdd,54000.0,0x00bce3,0.092308,0x00bcf5,3600.0,0x00bcef,0.888873,0x00bd03,2.224465,0x00bd09,3.336697,0x00bd0f,13.763877,0x00bd1b,5.214543,0x00bd27,8.1,0x00bd2d,1.061687,0x00bd21,,,,,,,,,,,,,,,,,,
CMagSubMac119,SubMac119,50,0x00be21,4,0x00be27,2,0x00be2d,21000.0,0x00be33,0.05,0x00be45,1400.0,0x00be3f,2.158281,0x00be52,2.719235,0x00be58,4.078852,0x00be5e,16.825266,0x00be6a,8.295168,0x00be76,5.626541,0x00be7c,0.289937,0x00be70,,,,,,,,,,,,,,,,,,
CMagSubMicroUzi,SubMicroUzi,50,0x00bf46,4,0x00bf4c,2,0x00bf52,21000.0,0x00bf58,,,1400.0,0x00bf64,1.786834,0x00bf71,1.837115,0x00bf77,2.755673,0x00bf7d,11.367151,0x00bf89,7.703099,0x00bf95,7.810928,0x00bf9b,0.292,0x00bf8f,,,,,,,,,,,,,,,,,,
CMagAssaultAK47,AssaultAK47,100,0x00c056,2,0x00c05c,1,0x00c062,42900.0,0x00c068,,,2860.0,0x00c074,1.09606,0x00c082,1.955122,0x00c088,2.932684,0x00c08e,12.09732,0x00c09a,5.915761,0x00c0a6,9.431755,0x00c0ac,1.274312,0x00c0a0,,,,,,,,,,,,,,,,,,
CMagSubMP510A2,SubMP510A2,100,0x00c19a,2,0x00c1a0,1,0x00c1a6,26520.0,0x00c1ac,0.085714,0x00c1be,1768.0,0x00c1b8,1.408805,0x00c1cc,1.548553,0x00c1d2,2.32283,0x00c1d8,9.581675,0x00c1e4,6.925777,0x00c1f0,8.120059,0x00c1f6,0.89875,0x00c1ea,,,,,,,,,,,,,,,,,,
BuckShotgunUSAS12,ShotgunUSAS12,20,0x00c3ed,2,0x00c3f3,1,0x00c3f9,24780.0,0x00c3ff,0.25,0x00c411,1652.0,0x00c40b,3.420001,0x00c41f,3.327996,0x00c425,4.159996,0x00c42b,10.919989,0x00c437,7.639967,0x00c443,11.680268,0x00c449,1.65875,0x00c43d,,,,,,,,,,,,,,,,,,
CMagSubMP5KPDW,SubMP5KPDW,100,0x00c51b,2,0x00c521,1,0x00c527,22500.0,0x00c52d,0.075,0x00c53f,1500.0,0x00c539,1.916317,0x00c54c,2.188787,0x00c552,3.283181,0x00c558,13.543123,0x00c564,6.754191,0x00c570,4.549955,0x00c576,0.759438,0x00c56a,,,,,,,,,,,,,,,,,,
CMagSubMP5SD5,SubMP5SD5,100,0x00c648,2,0x00c64e,1,0x00c654,28500.0,0x00c65a,0.075,0x00c66c,285.0,0x00c666,1.314605,0x00c679,1.671013,0x00c67f,2.50652,0x00c685,10.339395,0x00c691,6.109786,0x00c69d,1.947831,0x00c6a3,0.8875,0x00c697,,,,,,,,,,,,,,,,,,
BuckShotgunSPAS12,ShotgunSPAS12,8,0x00c76c,32,0x00c772,20,0x00c778,24780.0,0x00c77e,0.684333,0x00c790,1652.0,0x00c78a,3.295598,0x00c79e,3.651447,0x00c7a4,4.564308,0x00c7aa,11.981309,0x00c7b6,7.399245,0x00c7c2,17.176865,0x00c7c8,1.03975,0x00c7bc,,,,,,,,,,,,,,,,,,
CMagSubMTAR21,SubMTAR21,100,0x00c86a,2,0x00c870,1,0x00c876,21000.0,0x00c87c,0.072727,0x00c88e,1400.0,0x00c888,1.633823,0x00c89b,1.776031,0x00c8a1,2.664046,0x00c8a7,10.98919,0x00c8b3,7.108063,0x00c8bf,3.259375,0x00c8c5,0.8825,0x00c8b9,,,,,,,,,,,,,,,,,,
CMagSubSR2,SubSR2,50,0x00c9b8,4,0x00c9be,2,0x00c9c4,25200.0,0x00c9ca,,,1680.0,0x00c9d6,1.617631,0x00c9e4,2.05708,0x00c9ea,3.085619,0x00c9f0,12.728181,0x00c9fc,7.361363,0x00ca08,7.197808,0x00ca0e,0.376,0x00ca02,,,,,,,,,,,,,,,,,,
BuckShotgunM1,ShotgunM1,6,0x00cac9,34,0x00cacf,20,0x00cad5,24780.0,0x00cadb,0.3,0x00caed,1652.0,0x00cae7,3.355602,0x00cafb,3.495436,0x00cb01,4.369295,0x00cb07,11.469398,0x00cb13,7.515353,0x00cb1f,20.0,0x00cb25,0.7885,0x00cb19,,,,,,,,,,,,,,,,,,
CMagSubTMP,SubTMP,50,0x00cbc1,4,0x00cbc7,2,0x00cbcd,21000.0,0x00cbd3,0.066667,0x00cbe5,1400.0,0x00cbdf,1.714633,0x00cbf2,1.930977,0x00cbf8,2.896465,0x00cbfe,11.94792,0x00cc0a,7.750079,0x00cc16,5.199155,0x00cc1c,0.369063,0x00cc10,,,,,,,,,,,,,,,,,,
CMagSubUMP,SubUMP,100,0x00cce9,2,0x00ccef,1,0x00ccf5,18720.0,0x00ccfb,0.103448,0x00cd0d,312.0,0x00cd07,1.421395,0x00cd1b,1.532187,0x00cd21,2.29828,0x00cd27,9.480407,0x00cd33,6.523061,0x00cd3f,3.406283,0x00cd45,1.16875,0x00cd39,,,,,,,,,,,,,,,,,,
CMagSubUzi,SubUzi,50,0x00ce23,4,0x00ce29,2,0x00ce2f,24000.0,0x00ce35,,,1600.0,0x00ce41,1.485115,0x00ce4e,1.96935,0x00ce54,2.954025,0x00ce5a,12.185354,0x00ce66,6.495975,0x00ce72,5.445071,0x00ce78,0.771812,0x00ce6c,,,,,,,,,,,,,,,,,,
NormalAssaultAK47,AssaultAK47,30,0x00cfc3,6,0x00cfc9,3,0x00cfcf,42900.0,0x00cfd5,,,2860.0,0x00cfe1,1.09606,0x00cfef,1.955122,0x00cff5,2.932684,0x00cffb,12.09732,0x00d007,6.357965,0x00d013,14.088409,0x00d019,0.87625,0x00d00d,,,,,,,,,,,,,,,,,,
NormalAssaultAK74,AssaultAK74,30,0x00d0f3,6,0x00d0f9,3,0x00d0ff,54000.0,0x00d105,0.092308,0x00d117,3600.0,0x00d111,0.888873,0x00d125,2.224465,0x00d12b,3.336697,0x00d131,13.763877,0x00d13d,5.663126,0x00d149,11.164865,0x00d14f,0.799187,0x00d143,,,,,,,,,,,,,,,,,,
NormalAssaultAUG,AssaultAUG,30,0x00d235,6,0x00d23b,3,0x00d241,55800.0,0x00d247,0.092308,0x00d259,3720.0,0x00d253,1.016334,0x00d266,2.058766,0x00d26c,3.088149,0x00d272,12.738612,0x00d27e,5.891619,0x00d28a,10.163571,0x00d290,0.833125,0x00d284,,,,,,,,,,,,,,,,,,
NormalAssaultFAL,AssaultFAL,20,0x00d37d,6,0x00d383,3,0x00d389,50400.0,0x00d38f,0.092308,0x00d3a1,3360.0,0x00d39b,0.648063,0x00d3ae,2.537518,0x00d3b4,3.806278,0x00d3ba,15.700894,0x00d3c6,5.486821,0x00d3d2,14.330367,0x00d3d8,1.160313,0x00d3cc,,,,,,,,,,,,,,,,,,
NormalAssaultFAMASG2,AssaultFAMASG2,30,0x00d4c0,6,0x00d4c6,3,0x00d4cc,55500.0,0x00d4d2,0.054545,0x00d4e4,3700.0,0x00d4de,0.983548,0x00d4f1,2.101387,0x00d4f7,3.152081,0x00d4fd,13.002334,0x00d509,6.562097,0x00d515,10.464478,0x00d51b,0.782687,0x00d50f,,,,,,,,,,,,,,,,,,
NormalAssaultFNC,AssaultFNC,30,0x00d60d,6,0x00d613,3,0x00d619,57900.0,0x00d61f,0.092308,0x00d631,3860.0,0x00d62b,0.698086,0x00d63e,2.472488,0x00d644,3.708732,0x00d64a,15.29852,0x00d656,5.118038,0x00d662,9.479536,0x00d668,1.083625,0x00d65c,,,,,,,,,,,,,,,,,,
NormalAssaultG36K,AssaultG36K,30,0x00d755,6,0x00d75b,3,0x00d761,55200.0,0x00d767,0.08,0x00d779,3680.0,0x00d773,1.006018,0x00d786,2.072177,0x00d78c,3.108265,0x00d792,12.821594,0x00d79e,6.466101,0x00d7aa,12.404138,0x00d7b0,0.71125,0x00d7a4,,,,,,,,,,,,,,,,,,
NormalAssaultG3A3,AssaultG3A3,20,0x00d89c,6,0x00d8a2,3,0x00d8a8,47400.0,0x00d8ae,0.109091,0x00d8c0,3160.0,0x00d8ba,0.870009,0x00d8cd,2.248988,0x00d8d3,3.373482,0x00d8d9,13.915612,0x00d8e5,5.556921,0x00d8f1,12.602019,0x00d8f7,1.126562,0x00d8eb,,,,,,,,,,,,,,,,,,
NormalAssaultGalilARM,AssaultGalilARM,30,0x00d9df,6,0x00d9e5,3,0x00d9eb,57000.0,0x00d9f1,0.092308,0x00da03,3800.0,0x00d9fd,0.729641,0x00da10,2.431466,0x00da16,3.6472,0x00da1c,15.044699,0x00da28,5.275996,0x00da34,9.898387,0x00da3a,0.997563,0x00da2e,,,,,,,,,,,,,,,,,,
NormalAssaultL85A1,AssaultL85A1,30,0x00db27,6,0x00db2d,3,0x00db33,56400.0,0x00db39,0.086957,0x00db4b,3760.0,0x00db45,0.92118,0x00db58,2.182466,0x00db5e,3.273699,0x00db64,13.504008,0x00db70,5.962138,0x00db7c,10.241727,0x00db82,0.841563,0x00db76,,,,,,,,,,,,,,,,,,
NormalAssaultM14,AssaultM14,20,0x00dc74,6,0x00dc7a,3,0x00dc80,51180.0,0x00dc86,0.082759,0x00dc98,3412.0,0x00dc92,0.599449,0x00dca5,2.600717,0x00dcab,3.901075,0x00dcb1,16.091934,0x00dcbd,5.361854,0x00dcc9,12.948974,0x00dccf,1.31125,0x00dcc3,,,,,,,,,,,,,,,,,,
NormalAssaultM16A2,AssaultM16A2,30,0x00ddbb,6,0x00ddc1,3,0x00ddc7,59700.0,0x00ddcd,0.072727,0x00dddf,3980.0,0x00ddd9,0.649744,0x00ddec,2.535332,0x00ddf2,3.802999,0x00ddf8,15.687368,0x00de04,5.644221,0x00de10,13.287178,0x00de16,0.844375,0x00de0a,,,,,,,,,,,,,,,,,,
NormalAssaultM4,AssaultM4,30,0x00defe,6,0x00df04,3,0x00df0a,55260.0,0x00df10,0.072727,0x00df22,3684.0,0x00df1c,1.259581,0x00df2f,1.742545,0x00df35,2.613817,0x00df3b,10.781995,0x00df47,7.331769,0x00df53,11.424373,0x00df59,0.49,0x00df4d,,,,,,,,,,,,,,,,,,
NormalAssaultM82,AssaultM82,30,0x00e040,6,0x00e046,3,0x00e04c,55800.0,0x00e052,0.08,0x00e064,3720.0,0x00e05e,1.104203,0x00e071,1.944535,0x00e077,2.916803,0x00e07d,12.031814,0x00e089,6.662496,0x00e095,11.310231,0x00e09b,0.705625,0x00e08f,,,,,,,,,,,,,,,,,,
NormalAssaultTAR21,AssaultTAR21,30,0x00e188,6,0x00e18e,3,0x00e194,53400.0,0x00e19a,0.072727,0x00e1ac,3560.0,0x00e1a6,1.055427,0x00e1b9,2.007944,0x00e1bf,3.011917,0x00e1c5,12.424156,0x00e1d1,6.590015,0x00e1dd,11.11337,0x00e1e3,0.911563,0x00e1d7,,,,,,,,,,,,,,,,,,
NormalAssaultType97,AssaultType97,30,0x00e2d0,6,0x00e2d6,3,0x00e2dc,54000.0,0x00e2e2,0.092308,0x00e2f4,3600.0,0x00e2ee,1.467345,0x00e301,1.472451,0x00e307,2.208677,0x00e30d,9.11079,0x00e319,7.745859,0x00e325,14.753572,0x00e32b,0.380688,0x00e31f,,,,,,,,,,,,,,,,,,
NormalLMG23E,LMG23E,200,0x00e55e,2,0x00e564,1,0x00e56a,57000.0,0x00e570,0.08,0x00e582,1900.0,0x00e57c,1.349079,0x00e58f,2.146197,0x00e595,7.40438,0x00e59b,19.436497,0x00e5a7,3.370407,0x00e5b3,5.850954,0x00e5b9,2.389062,0x00e5ad,,,,,,,,,,,,,,,,,,
NormalLMGM249,LMGM249,200,0x00e6ae,2,0x00e6b4,1,0x00e6ba,54900.0,0x00e6c0,0.08,0x00e6d2,1830.0,0x00e6cc,1.191801,0x00e6df,2.350658,0x00e6e5,8.109772,0x00e6eb,21.288149,0x00e6f7,3.373141,0x00e703,6.469466,0x00e709,2.096875,0x00e6fd,,,,,,,,,,,,,,,,,,
NormalLMGM60E4,LMGM60E4,100,0x00e7fe,3,0x00e804,2,0x00e80a,51180.0,0x00e810,0.104348,0x00e822,3412.0,0x00e81c,1.305753,0x00e82f,2.202521,0x00e835,7.598699,0x00e83b,19.946585,0x00e847,3.760192,0x00e853,8.953001,0x00e859,2.567344,0x00e84d,,,,,,,,,,,,,,,,,,
NormalLMGRPD,LMGRPD,100,0x00e948,4,0x00e94e,2,0x00e954,42000.0,0x00e95a,0.085714,0x00e96c,1400.0,0x00e966,1.4604,0x00e97a,2.001479,0x00e980,6.905104,0x00e986,18.125898,0x00e992,4.449693,0x00e99e,8.671593,0x00e9a4,2.131406,0x00e998,,,,,,,,,,,,,,,,,,
NormalPistol92FS,Pistol92FS,15,0x00ea94,4,0x00ea9a,6,0x00eaa0,23400.0,0x00eaa6,0.1,0x00eab8,1560.0,0x00eab2,1.627617,0x00eac5,1.653051,0x00eacb,2.066314,0x00ead1,8.523544,0x00eadd,9.264375,0x00eae9,14.164312,0x00eaef,0.922063,0x00eae3,,,,,,,,,,,,,,,,,,
NormalPistolAPArmy,PistolAPArmy,20,0x00ebb8,3,0x00ebbe,4,0x00ebc4,39000.0,0x00ebca,0.1,0x00ebdc,2600.0,0x00ebd6,1.60572,0x00ebea,1.690276,0x00ebf0,2.112845,0x00ebf6,8.715486,0x00ec02,9.230096,0x00ec0e,17.206654,0x00ec14,0.8315,0x00ec08,,,,,,,,,,,,,,,,,,
NormalPistolCZ61,PistolCZ61,20,0x00ecd1,3,0x00ecd7,3,0x00ecdd,19080.0,0x00ece3,0.071429,0x00ecf5,318.0,0x00ecef,1.963358,0x00ed03,2.612292,0x00ed09,3.265365,0x00ed0f,13.469631,0x00ed1b,8.611364,0x00ed27,3.746794,0x00ed2d,1.086875,0x00ed21,,,,,,,,,,,,,,,,,,
NormalPistolDesertEagle357,PistolDesertEagle357,9,0x00edf0,4,0x00edf6,6,0x00edfc,26160.0,0x00ee02,0.1,0x00ee14,1744.0,0x00ee0e,1.562513,0x00ee22,1.763728,0x00ee28,2.20466,0x00ee2e,9.094222,0x00ee3a,9.042896,0x00ee46,14.481135,0x00ee4c,1.085,0x00ee40,,,,,,,,,,,,,,,,,,
NormalPistolDesertEagle50,PistolDesertEagle50,7,0x00ef09,4,0x00ef0f,6,0x00ef15,23700.0,0x00ef1b,0.1,0x00ef2d,1580.0,0x00ef27,1.581697,0x00ef3b,1.731116,0x00ef41,2.163895,0x00ef47,8.926065,0x00ef53,9.196082,0x00ef5f,22.024775,0x00ef65,1.42875,0x00ef59,,,,,,,,,,,,,,,,,,
NormalPistolMac119,PistolMac119,16,0x00f020,4,0x00f026,4,0x00f02c,21960.0,0x00f032,0.05,0x00f044,1464.0,0x00f03e,2.532495,0x00f051,3.344759,0x00f057,4.180949,0x00f05d,17.246412,0x00f069,9.242015,0x00f075,7.128373,0x00f07b,1.093625,0x00f06f,,,,,,,,,,,,,,,,,,
NormalPistolMicroUzi,PistolMicroUzi,20,0x00f13d,3,0x00f143,3,0x00f149,20700.0,0x00f14f,0.1,0x00f161,1380.0,0x00f15b,2.011181,0x00f16e,2.530992,0x00f174,3.16374,0x00f17a,13.050429,0x00f186,8.923948,0x00f192,8.832469,0x00f198,1.091187,0x00f18c,,,,,,,,,,,,,,,,,,
NormalPistolMk23,PistolMk23,12,0x00f25b,4,0x00f261,6,0x00f267,16200.0,0x00f26d,0.1,0x00f27f,270.0,0x00f279,1.602875,0x00f28d,1.695113,0x00f293,2.118892,0x00f299,8.740428,0x00f2a5,9.090479,0x00f2b1,10.394486,0x00f2b7,1.008687,0x00f2ab,,,,,,,,,,,,,,,,,,
NormalPistolP228,PistolP228,13,0x00f374,4,0x00f37a,6,0x00f380,21960.0,0x00f386,0.1,0x00f398,1464.0,0x00f392,1.676925,0x00f3a5,1.569227,0x00f3ab,1.961534,0x00f3b1,8.091328,0x00f3bd,9.438343,0x00f3c9,14.297596,0x00f3cf,0.872563,0x00f3c3,,,,,,,,,,,,,,,,,,
NormalPistolSPP,PistolSPP,30,0x00f48c,2,0x00f492,3,0x00f498,21000.0,0x00f49e,0.1,0x00f4b0,1400.0,0x00f4aa,1.949965,0x00f4bd,2.635059,0x00f4c3,3.293824,0x00f4c9,13.587025,0x00f4d5,8.861562,0x00f4e1,8.831855,0x00f4e7,1.02425,0x00f4db,,,,,,,,,,,,,,,,,,
NormalPistolSR2,PistolSR2,20,0x00f587,3,0x00f58d,3,0x00f593,25200.0,0x00f599,0.1,0x00f5ab,1680.0,0x00f5a5,1.837456,0x00f5b9,2.826324,0x00f5bf,3.532905,0x00f5c5,14.573235,0x00f5d1,8.515594,0x00f5dd,9.031177,0x00f5e3,1.1495,0x00f5d7,,,,,,,,,,,,,,,,,,
NormalPistolUSP,PistolUSP,13,0x00f682,4,0x00f688,6,0x00f68e,20400.0,0x00f694,0.1,0x00f6a6,1360.0,0x00f6a0,1.691747,0x00f6b4,1.544031,0x00f6ba,1.930038,0x00f6c0,7.961408,0x00f6cc,9.521252,0x00f6d8,17.566099,0x00f6de,0.85925,0x00f6d2,,,,,,,,,,,,,,,,,,
NormalSniperDragunov,SniperDragunov,10,0x00f79b,3,0x00f7a1,2,0x00f7a7,48600.0,0x00f7ad,0.73,0x00f7bf,3240.0,0x00f7b9,0.432064,0x00f7cd,2.818317,0x00f7d3,4.227475,0x00f7d9,17.438335,0x00f7e5,2.694351,0x00f7f1,25.085356,0x00f7f7,2.7375,0x00f7eb,,,,,,,,,,,,,,,,,,
NormalSniperM82A1,SniperM82A1,10,0x00f8e3,3,0x00f8e9,2,0x00f8ef,51180.0,0x00f8f5,1.581417,0x00f907,4000.0,0x00f901,0.263992,0x00f915,3.03681,0x00f91b,4.555215,0x00f921,18.79026,0x00f92d,2.043915,0x00f939,33.356628,0x00f93f,5.930313,0x00f933,,,,,,,,,,,,,,,,,,
NormalSniperPSG1,SniperPSG1,10,0x00fa1d,3,0x00fa23,2,0x00fa29,50280.0,0x00fa2f,1.027,0x00fa41,3352.0,0x00fa3b,0.42867,0x00fa4e,2.822729,0x00fa54,4.234094,0x00fa5a,17.465635,0x00fa66,2.681217,0x00fa72,17.76762,0x00fa78,3.85125,0x00fa6c,,,,,,,,,,,,,,,,,,
NormalSniperSSG3000,SniperSSG3000,5,0x00fb37,6,0x00fb3d,4,0x00fb43,45000.0,0x00fb49,0.86125,0x00fb5b,3000.0,0x00fb55,0.490302,0x00fb68,2.742608,0x00fb6e,4.113911,0x00fb74,16.969885,0x00fb80,2.919733,0x00fb8c,9.235731,0x00fb92,3.229687,0x00fb86,,,,,,,,,,,,,,,,,,
NormalSniperWA2000,SniperWA2000,6,0x00fc7b,5,0x00fc81,3,0x00fc87,62160.0,0x00fc8d,0.85875,0x00fc9f,4144.0,0x00fc99,0.809802,0x00fcad,2.327257,0x00fcb3,3.490886,0x00fcb9,14.399904,0x00fcc5,4.156198,0x00fcd1,21.71969,0x00fcd7,3.220313,0x00fccb,,,,,,,,,,,,,,,,,,
NormalSubCZ61,SubCZ61,20,0x00fdc0,10,0x00fdc6,4,0x00fdcc,19080.0,0x00fdd2,0.071429,0x00fde4,318.0,0x00fdde,1.733978,0x00fdf2,1.905828,0x00fdf8,2.858742,0x00fdfe,11.792312,0x00fe0a,7.397267,0x00fe16,3.746794,0x00fe1c,0.226375,0x00fe10,,,,,,,,,,,,,,,,,,
NormalSubM12S,SubM12S,40,0x00fee6,5,0x00feec,3,0x00fef2,25800.0,0x00fef8,0.109091,0x00ff0a,1720.0,0x00ff04,1.507128,0x00ff17,1.810734,0x00ff1d,2.716101,0x00ff23,11.203915,0x00ff2f,6.484085,0x00ff3b,6.850986,0x00ff41,0.653125,0x00ff35,,,,,,,,,,,,,,,,,,
NormalSubMac119,SubMac119,32,0x010012,7,0x010018,3,0x01001e,21000.0,0x010024,0.05,0x010036,1400.0,0x010030,2.158281,0x010043,2.719235,0x010049,4.078852,0x01004f,16.825266,0x01005b,8.367489,0x010067,6.51875,0x01006d,0.2275,0x010061,,,,,,,,,,,,,,,,,,
NormalSubMicroUzi,SubMicroUzi,32,0x01015f,7,0x010165,3,0x01016b,21000.0,0x010171,,,1400.0,0x01017d,1.786834,0x01018a,1.837115,0x010190,2.755673,0x010196,11.367151,0x0101a2,7.85327,0x0101ae,9.090338,0x0101b4,0.229563,0x0101a8,,,,,,,,,,,,,,,,,,
NormalSubMP510A2,SubMP510A2,30,0x0102a3,6,0x0102a9,3,0x0102af,26520.0,0x0102b5,0.085714,0x0102c7,1768.0,0x0102c1,1.408805,0x0102d5,1.548553,0x0102db,2.32283,0x0102e1,9.581675,0x0102ed,7.323748,0x0102f9,12.077837,0x0102ff,0.590312,0x0102f3,,,,,,,,,,,,,,,,,,
NormalSubMP5A4,SubMP5A4,30,0x0103ce,7,0x0103d4,3,0x0103da,24000.0,0x0103e0,0.075,0x0103f2,1600.0,0x0103ec,1.396226,0x0103ff,1.564906,0x010405,2.347358,0x01040b,9.682854,0x010417,6.966247,0x010423,5.862295,0x010429,0.529375,0x01041d,,,,,,,,,,,,,,,,,,
NormalSubMP5KPDW,SubMP5KPDW,30,0x0104f7,7,0x0104fd,3,0x010503,22500.0,0x010509,0.075,0x01051b,1500.0,0x010515,1.916317,0x010528,2.188787,0x01052e,3.283181,0x010534,13.543123,0x010540,7.196025,0x01054c,6.209513,0x010552,0.534437,0x010546,,,,,,,,,,,,,,,,,,
NormalSubMTAR21,SubMTAR21,30,0x010620,7,0x010626,3,0x01062c,21000.0,0x010632,0.072727,0x010644,1400.0,0x01063e,1.633823,0x010651,1.776031,0x010657,2.664046,0x01065d,10.98919,0x010669,7.541199,0x010675,4.563125,0x01067b,0.6575,0x01066f,,,,,,,,,,,,,,,,,,
NormalSubP90,SubP90,50,0x010769,4,0x01076f,2,0x010775,42900.0,0x01077b,0.066667,0x01078d,2860.0,0x010787,1.516275,0x01079b,1.928843,0x0107a1,2.893264,0x0107a7,11.934713,0x0107b3,7.355419,0x0107bf,6.454216,0x0107c5,0.66875,0x0107b9,,,,,,,,,,,,,,,,,,
NormalSubSR2,SubSR2,20,0x01089a,10,0x0108a0,4,0x0108a6,25200.0,0x0108ac,,,1680.0,0x0108b8,1.617631,0x0108c6,2.05708,0x0108cc,3.085619,0x0108d2,12.728181,0x0108de,7.577004,0x0108ea,9.031177,0x0108f0,0.28225,0x0108e4,,,,,,,,,,,,,,,,,,
NormalSubTMP,SubTMP,30,0x0109b6,7,0x0109bc,3,0x0109c2,21000.0,0x0109c8,0.066667,0x0109da,1400.0,0x0109d4,1.714633,0x0109e7,1.930977,0x0109ed,2.896465,0x0109f3,11.94792,0x0109ff,7.860382,0x010a0b,5.951902,0x010a11,0.306625,0x010a05,,,,,,,,,,,,,,,,,,
NormalSubUMP,SubUMP,25,0x010ae2,6,0x010ae8,3,0x010aee,18720.0,0x010af4,0.103448,0x010b06,312.0,0x010b00,1.421395,0x010b14,1.532187,0x010b1a,2.29828,0x010b20,9.480407,0x010b2c,6.984474,0x010b38,7.639484,0x010b3e,0.500687,0x010b32,,,,,,,,,,,,,,,,,,
NormalSubUzi,SubUzi,32,0x010c0d,7,0x010c13,3,0x010c19,24000.0,0x010c1f,,,1600.0,0x010c2b,1.485115,0x010c38,1.96935,0x010c3e,2.954025,0x010c44,12.185354,0x010c50,6.134586,0x010c5c,5.887317,0x010c62,0.709375,0x010c56,,,,,,,,,,,,,,,,,,
SilencedAssaultAK47,AssaultAK47,30,0x011a91,6,0x011a97,3,0x011a9d,29600.0,0x011aa3,,,296.0,0x011aaf,0.680965,0x011abd,2.494745,0x011ac3,3.742118,0x011ac9,15.436235,0x011ad5,3.418024,0x011ae1,3.028913,0x011ae7,1.19875,0x011adb,,,,,,,,,,,,,,,,,,
SilencedAssaultAK74,AssaultAK74,30,0x011bcf,6,0x011bd5,3,0x011bdb,30000.0,0x011be1,0.092308,0x011bf3,300.0,0x011bed,0.548496,0x011c01,2.666955,0x011c07,4.000433,0x011c0d,16.501787,0x011c19,2.951972,0x011c25,1.015487,0x011c2b,1.091313,0x011c1f,,,,,,,,,,,,,,,,,,
SilencedAssaultAUG,AssaultAUG,30,0x011d19,6,0x011d1f,3,0x011d25,30000.0,0x011d2b,0.092308,0x011d3d,300.0,0x011d37,0.675957,0x011d4a,2.501256,0x011d50,3.751884,0x011d56,15.476523,0x011d62,3.400403,0x011d6e,0.889535,0x011d74,1.12525,0x011d68,,,,,,,,,,,,,,,,,,
SilencedAssaultFAL,AssaultFAL,20,0x011e63,6,0x011e69,3,0x011e6f,28600.0,0x011e75,0.092308,0x011e87,286.0,0x011e81,0.270704,0x011e95,3.028084,0x011e9b,4.542127,0x011ea1,18.736271,0x011ead,2.06989,0x011eb9,2.654615,0x011ebf,1.482813,0x011eb3,,,,,,,,,,,,,,,,,,
SilencedAssaultFAMASG2,AssaultFAMASG2,30,0x011fb0,6,0x011fb6,3,0x011fbc,30000.0,0x011fc2,0.054545,0x011fd4,300.0,0x011fce,0.674114,0x011fe1,2.503651,0x011fe7,3.755477,0x011fed,15.491343,0x011ff9,3.631086,0x012005,0.91984,0x01200b,1.074813,0x011fff,,,,,,,,,,,,,,,,,,
SilencedAssaultFNC,AssaultFNC,30,0x012100,6,0x012106,3,0x01210c,30000.0,0x012112,0.092308,0x012124,300.0,0x01211e,0.388652,0x012131,2.874752,0x012137,4.312129,0x01213d,17.787529,0x012149,2.526348,0x012155,0.787307,0x01215b,1.37575,0x01214f,,,,,,,,,,,,,,,,,,
SilencedAssaultG36K,AssaultG36K,30,0x01224b,6,0x012251,3,0x012257,30000.0,0x01225d,0.08,0x01226f,300.0,0x012269,0.696584,0x01227c,2.474441,0x012282,3.711662,0x012288,15.310603,0x012294,3.718044,0x0122a0,1.067442,0x0122a6,1.003375,0x01229a,,,,,,,,,,,,,,,,,,
SilencedAssaultG3A3,AssaultG3A3,20,0x01239b,6,0x0123a1,3,0x0123a7,28600.0,0x0123ad,0.109091,0x0123bf,286.0,0x0123b9,0.454915,0x0123cd,2.78861,0x0123d3,4.182916,0x0123d9,17.254526,0x0123e5,2.622738,0x0123f1,2.641386,0x0123f7,1.449062,0x0123eb,,,,,,,,,,,,,,,,,,
SilencedAssaultGalilARM,AssaultGalilARM,30,0x0124e8,6,0x0124ee,3,0x0124f4,30000.0,0x0124fa,0.092308,0x01250c,300.0,0x012506,0.420207,0x012519,2.833731,0x01251f,4.250596,0x012525,17.533709,0x012531,2.648466,0x01253d,0.839122,0x012543,1.289688,0x012537,,,,,,,,,,,,,,,,,,
SilencedAssaultL85A1,AssaultL85A1,30,0x012633,6,0x012639,3,0x01263f,30000.0,0x012645,0.086957,0x012657,300.0,0x012651,0.611746,0x012664,2.58473,0x01266a,3.877095,0x012670,15.993017,0x01267c,3.389721,0x012688,0.87931,0x01268e,1.133687,0x012682,,,,,,,,,,,,,,,,,,
SilencedAssaultM14,AssaultM14,20,0x012782,6,0x012788,3,0x01278e,28600.0,0x012794,0.082759,0x0127a6,286.0,0x0127a0,0.22209,0x0127b4,3.091283,0x0127ba,4.636924,0x0127c0,19.127312,0x0127cc,1.881753,0x0127d8,2.366241,0x0127de,1.63375,0x0127d2,,,,,,,,,,,,,,,,,,
SilencedAssaultM16A2,AssaultM16A2,30,0x0128d7,6,0x0128dd,3,0x0128e3,30000.0,0x0128e9,0.072727,0x0128fb,300.0,0x0128f5,0.34031,0x012908,2.937597,0x01290e,4.406395,0x012914,18.176378,0x012920,2.339265,0x01292c,0.993506,0x012932,1.1365,0x012926,,,,,,,,,,,,,,,,,,
SilencedAssaultM4,AssaultM4,30,0x012a23,6,0x012a29,3,0x012a2f,30000.0,0x012a35,0.072727,0x012a47,300.0,0x012a41,1.011782,0x012a54,2.064683,0x012a5a,3.097025,0x012a60,12.775227,0x012a6c,4.937861,0x012a78,0.972458,0x012a7e,0.732063,0x012a72,,,,,,,,,,,,,,,,,,
SilencedAssaultM82,AssaultM82,30,0x012b6e,6,0x012b74,3,0x012b7a,30000.0,0x012b80,0.08,0x012b92,300.0,0x012b8c,0.794769,0x012b9f,2.3468,0x012ba5,3.5202,0x012bab,14.520823,0x012bb7,4.098022,0x012bc3,0.972458,0x012bc9,0.99775,0x012bbd,,,,,,,,,,,,,,,,,,
SilencedAssaultTAR21,AssaultTAR21,30,0x012cb8,6,0x012cbe,3,0x012cc4,30000.0,0x012cca,0.072727,0x012cdc,300.0,0x012cd6,0.745993,0x012ce9,2.410209,0x012cef,3.615313,0x012cf5,14.913166,0x012d01,3.909259,0x012d0d,1.030303,0x012d13,1.203688,0x012d07,,,,,,,,,,,,,,,,,,
SilencedAssaultType97,AssaultType97,30,0x012e03,6,0x012e09,3,0x012e0f,30000.0,0x012e15,0.092308,0x012e27,300.0,0x012e21,1.157911,0x012e34,1.874715,0x012e3a,2.812073,0x012e40,11.5998,0x012e4c,5.503381,0x012e58,1.267956,0x012e5e,0.672813,0x012e52,,,,,,,,,,,,,,,,,,
SilencedPistol92FS,Pistol92FS,15,0x012f4d,4,0x012f53,6,0x012f59,28500.0,0x012f5f,0.1,0x012f71,285.0,0x012f6b,1.434409,0x012f7e,1.981504,0x012f84,2.47688,0x012f8a,10.217129,0x012f96,8.254955,0x012fa2,7.506201,0x012fa8,1.094187,0x012f9c,,,,,,,,,,,,,,,,,,
SilencedPistolAPArmy,PistolAPArmy,20,0x01306c,3,0x013072,4,0x013078,30000.0,0x01307e,0.1,0x013090,300.0,0x01308a,1.412512,0x01309e,2.018729,0x0130a4,2.523411,0x0130aa,10.409071,0x0130b6,7.836853,0x0130c2,5.220994,0x0130c8,1.003625,0x0130bc,,,,,,,,,,,,,,,,,,
SilencedPistolDesertEagle357,PistolDesertEagle357,9,0x01318c,4,0x013192,6,0x013198,28500.0,0x01319e,0.1,0x0131b0,285.0,0x0131aa,1.378362,0x0131be,2.076785,0x0131c4,2.595981,0x0131ca,10.708421,0x0131d6,7.677244,0x0131e2,5.25255,0x0131e8,1.251688,0x0131dc,,,,,,,,,,,,,,,,,,
SilencedPistolDesertEagle50,PistolDesertEagle50,7,0x0132ac,4,0x0132b2,6,0x0132b8,28500.0,0x0132be,0.1,0x0132d0,285.0,0x0132ca,1.397546,0x0132de,2.044172,0x0132e4,2.555215,0x0132ea,10.540263,0x0132f6,8.29394,0x013302,10.048271,0x013308,1.595438,0x0132fc,,,,,,,,,,,,,,,,,,
SilencedPistolMk23,PistolMk23,12,0x0133cc,4,0x0133d2,6,0x0133d8,27000.0,0x0133de,0.1,0x0133f0,270.0,0x0133ea,1.425768,0x0133fe,1.996195,0x013404,2.495244,0x01340a,10.292881,0x013416,8.306504,0x013422,8.542969,0x013428,1.171813,0x01341c,,,,,,,,,,,,,,,,,,
SilencedPistolP228,PistolP228,13,0x0134ec,4,0x0134f2,6,0x0134f8,28500.0,0x0134fe,0.1,0x013510,285.0,0x01350a,1.483718,0x01351d,1.89768,0x013523,2.3721,0x013529,9.784912,0x013535,8.525638,0x013541,8.333018,0x013547,1.044688,0x01353b,,,,,,,,,,,,,,,,,,
SilencedPistolSPP,PistolSPP,30,0x01360b,2,0x013611,3,0x013617,28500.0,0x01361d,0.1,0x01362f,285.0,0x013629,1.708456,0x01363c,3.045625,0x013642,3.807032,0x013648,15.704006,0x013654,7.785405,0x013660,6.117633,0x013666,1.196375,0x01365a,,,,,,,,,,,,,,,,,,
SilencedPistolUSP,PistolUSP,13,0x013726,4,0x01372c,6,0x013732,28500.0,0x013738,0.1,0x01374a,285.0,0x013744,1.498539,0x013758,1.872483,0x01375e,2.340604,0x013764,9.654993,0x013770,8.705901,0x01377c,10.645995,0x013782,1.031375,0x013776,,,,,,,,,,,,,,,,,,
SilencedSniperAWCovert,SniperAWCovert,10,0x013846,3,0x01384c,2,0x013852,30000.0,0x013858,0.866667,0x01386a,300.0,0x013864,0.427508,0x013878,2.82424,0x01387e,4.23636,0x013884,17.474983,0x013890,2.67672,0x01389c,2.73375,0x0138a2,3.25,0x013896,,,,,,,,,,,,,,,,,,
SilencedSniperDragunov,SniperDragunov,10,0x013964,3,0x01396a,2,0x013970,30000.0,0x013976,0.855,0x013988,300.0,0x013982,0.136466,0x013996,3.202594,0x01399c,4.80389,0x0139a2,19.816048,0x0139ae,1.550389,0x0139ba,3.685168,0x0139c0,3.20625,0x0139b4,,,,,,,,,,,,,,,,,,
SilencedSniperM82A1,SniperM82A1,10,0x013aa6,3,0x013aac,2,0x013ab2,30000.0,0x013ab8,1.712,0x013aca,300.0,0x013ac4,0.026257,0x013ad8,3.345866,0x013ade,5.0188,0x013ae4,20.702549,0x013af0,1.123877,0x013afc,4.431169,0x013b02,6.42,0x013af6,,,,,,,,,,,,,,,,,,
SilencedSniperPSG1,SniperPSG1,10,0x013bdf,3,0x013be5,2,0x013beb,30000.0,0x013bf1,1.152,0x013c03,300.0,0x013bfd,0.133073,0x013c11,3.207006,0x013c17,4.810509,0x013c1d,19.843348,0x013c29,1.537255,0x013c35,3.847389,0x013c3b,4.32,0x013c2f,,,,,,,,,,,,,,,,,,
SilencedSniperSSG3000,SniperSSG3000,5,0x013d1a,6,0x013d20,4,0x013d26,30000.0,0x013d2c,1.032917,0x013d3e,300.0,0x013d38,0.194704,0x013d4c,3.126884,0x013d52,4.690326,0x013d58,19.347597,0x013d64,1.77577,0x013d70,2.257548,0x013d76,3.873437,0x013d6a,,,,,,,,,,,,,,,,,,
SilencedSniperVSSVintorez,SniperVSSVintorez,10,0x013e59,3,0x013e5f,2,0x013e65,29500.0,0x013e6b,0.070588,0x013e7d,295.0,0x013e77,1.14102,0x013e8b,1.896674,0x013e91,2.845011,0x013e97,11.735668,0x013ea3,6.142879,0x013eaf,5.609304,0x013eb5,2.14125,0x013ea9,,,,,,,,,,,,,,,,,,
SilencedSniperWA2000,SniperWA2000,6,0x013f7a,5,0x013f80,3,0x013f86,30000.0,0x013f8c,0.98375,0x013f9e,300.0,0x013f98,0.514205,0x013fac,2.711534,0x013fb2,4.067301,0x013fb8,16.777617,0x013fc4,3.012236,0x013fd0,2.282404,0x013fd6,3.689063,0x013fca,,,,,,,,,,,,,,,,,,
SilencedSubCZ61,SubCZ61,20,0x0140b4,10,0x0140ba,4,0x0140c0,28500.0,0x0140c6,0.071429,0x0140d8,285.0,0x0140d2,1.49228,0x0140e6,2.220036,0x0140ec,3.330054,0x0140f2,13.736471,0x0140fe,6.522383,0x01410a,2.557349,0x014110,0.393063,0x014104,,,,,,,,,,,,,,,,,,
SilencedSubM12S,SubM12S,40,0x014206,5,0x01420c,3,0x014212,28500.0,0x014218,0.109091,0x01422a,285.0,0x014224,1.351279,0x014237,2.013338,0x01423d,3.020006,0x014243,12.457526,0x01424f,6.002692,0x01425b,2.740608,0x014261,0.788875,0x014255,,,,,,,,,,,,,,,,,,
SilencedSubMac119,SubMac119,32,0x01435e,7,0x014364,3,0x01436a,28500.0,0x014370,0.05,0x014382,285.0,0x01437c,1.80608,0x01438f,3.177096,0x014395,4.765645,0x01439b,19.658285,0x0143a7,7.018562,0x0143b3,3.5526,0x0143b9,0.438812,0x0143ad,,,,,,,,,,,,,,,,,,
SilencedSubMicroUzi,SubMicroUzi,32,0x0144b3,7,0x0144b9,3,0x0144bf,28500.0,0x0144c5,,,285.0,0x0144d1,1.545136,0x0144de,2.151323,0x0144e4,3.226984,0x0144ea,13.31131,0x0144f6,6.578284,0x014502,6.58477,0x014508,0.39625,0x0144fc,,,,,,,,,,,,,,,,,,
SilencedSubMP510A2,SubMP510A2,30,0x0145ff,6,0x014605,3,0x01460b,28500.0,0x014611,0.085714,0x014623,285.0,0x01461d,1.168553,0x014631,1.86088,0x014637,2.791321,0x01463d,11.514198,0x014649,5.544566,0x014655,4.531443,0x01465b,0.766187,0x01464f,,,,,,,,,,,,,,,,,,
SilencedSubMP5A4,SubMP5A4,30,0x014756,7,0x01475c,3,0x014762,28500.0,0x014768,0.075,0x01477a,285.0,0x014774,1.155975,0x014787,1.877233,0x01478d,2.815849,0x014793,11.615377,0x01479f,5.495887,0x0147ab,2.657948,0x0147b1,0.70525,0x0147a5,,,,,,,,,,,,,,,,,,
SilencedSubMP5KPDW,SubMP5KPDW,30,0x0148ab,7,0x0148b1,3,0x0148b7,28500.0,0x0148bd,0.075,0x0148cf,285.0,0x0148c9,1.616003,0x0148dc,2.579196,0x0148e2,3.868794,0x0148e8,15.958777,0x0148f4,6.025409,0x014900,3.056985,0x014906,0.74875,0x0148fa,,,,,,,,,,,,,,,,,,
SilencedSubMP5SD5,SubMP5SD5,30,0x014a00,7,0x014a06,3,0x014a0c,28500.0,0x014a12,0.075,0x014a24,285.0,0x014a1e,1.314605,0x014a31,1.671013,0x014a37,2.50652,0x014a3d,10.339395,0x014a49,6.109786,0x014a55,2.62338,0x014a5b,0.6625,0x014a4f,,,,,,,,,,,,,,,,,,
SilencedSubMTAR21,SubMTAR21,30,0x014b2c,7,0x014b32,3,0x014b38,28500.0,0x014b3e,0.072727,0x014b50,285.0,0x014b4a,1.27659,0x014b5d,1.980433,0x014b63,2.97065,0x014b69,12.253931,0x014b75,5.962667,0x014b81,2.717633,0x014b87,0.881,0x014b7b,,,,,,,,,,,,,,,,,,
SilencedSubP90,SubP90,50,0x014c7e,4,0x014c84,2,0x014c8a,30000.0,0x014c90,0.066667,0x014ca2,300.0,0x014c9c,1.279797,0x014cb0,2.236264,0x014cb6,3.354396,0x014cbc,13.836884,0x014cc8,5.975079,0x014cd4,1.985294,0x014cda,0.881375,0x014cce,,,,,,,,,,,,,,,,,,
SilencedSubSR2,SubSR2,20,0x014dcf,10,0x014dd5,4,0x014ddb,28500.0,0x014de1,,,285.0,0x014ded,1.375933,0x014dfb,2.371287,0x014e01,3.556931,0x014e07,14.672339,0x014e13,6.09356,0x014e1f,3.544556,0x014e25,0.448938,0x014e19,,,,,,,,,,,,,,,,,,
SilencedSubTMP,SubTMP,30,0x014f17,7,0x014f1d,3,0x014f23,28500.0,0x014f29,0.066667,0x014f3b,285.0,0x014f35,1.339539,0x014f48,2.4186,0x014f4e,3.627899,0x014f54,14.965085,0x014f60,5.902411,0x014f6c,3.438217,0x014f72,0.530125,0x014f66,,,,,,,,,,,,,,,,,,
SilencedSubUMP,SubUMP,25,0x01506f,6,0x015075,3,0x01507b,28500.0,0x015081,0.103448,0x015093,285.0,0x01508d,1.181143,0x0150a1,1.844514,0x0150a7,2.766771,0x0150ad,11.41293,0x0150b9,5.524269,0x0150c5,5.317319,0x0150cb,0.715,0x0150bf,,,,,,,,,,,,,,,,,,
SilencedSubUzi,SubUzi,32,0x0151c6,7,0x0151cc,3,0x0151d2,28500.0,0x0151d8,,,285.0,0x0151e4,1.110021,0x0151f1,2.456973,0x0151f7,3.685459,0x0151fd,15.202518,0x015209,5.113484,0x015215,2.759866,0x01521b,0.932875,0x01520f,,,,,,,,,,,,,,,,,,
SlugShotgunM1,ShotgunM1,6,0x015312,34,0x015318,20,0x01531e,28320.0,0x015324,0.3,0x015336,1888.0,0x015330,1.258351,0x015348,2.280804,0x01534e,2.851005,0x015354,11.760395,0x015360,5.82724,0x01536c,23.0,0x015372,0.7885,0x015366,,,,,,,,,,,,,,,,,,
SlugShotgunSPAS12,ShotgunSPAS12,8,0x015402,32,0x015408,20,0x01540e,28320.0,0x015414,0.684333,0x015426,1888.0,0x015420,1.318239,0x015438,2.178994,0x01543e,2.723742,0x015444,11.235436,0x015450,4.575849,0x01545c,20.298414,0x015462,1.03975,0x015456,,,,,,,,,,,,,,,,,,
SlugShotgunUSAS12,ShotgunUSAS12,20,0x0154f6,2,0x0154fc,1,0x015502,28320.0,0x015508,0.25,0x01551a,1888.0,0x015514,1.368001,0x01552c,2.094399,0x015532,2.617999,0x015538,10.799245,0x015544,6.005565,0x015550,13.802921,0x015556,1.5575,0x01554a,,,,,,,,,,,,,,,,,,
