class,parent,m_iEnergy,m_iEnergy@,m_iPenetrationFactor,m_iPenetrationFactor@,m_fRange,m_fRange@,m_fKillStunTransfer,m_fKillStunTransfer@,m_fRangeConversionConst,m_fRangeConversionConst@
ammo9x39mmSP6SubsonicJHP,ammo9x39mmSP6Subsonic,705,0x017768,4,0x01776e,74.092026,0x017780,0.5,0x017774,0.11491,0x01777a
ammo9x39mmSP6SubsonicFMJ,ammo9x39mmSP6Subsonic,705,0x017c9b,,,74.092026,0x017cad,0.25,0x017ca1,0.11491,0x017ca7
ammo9x21mmRSubsonicJHP,ammo9x21mmRSubsonic,295,0x018596,4,0x01859c,46.755077,0x0185ae,0.5,0x0185a2,0.113559,0x0185a8
ammo9x21mmRSubsonicFMJ,ammo9x21mmRSubsonic,295,0x018628,,,46.755077,0x01863a,0.25,0x01862e,0.113559,0x018634
ammo9x21mmRNormalJHP,ammo9x21mmRNormal,591,0x018e2f,4,0x018e35,93.659142,0x018e47,0.5,0x018e3b,0.056689,0x018e41
ammo9x21mmRNormalFMJ,ammo9x21mmRNormal,591,0x019292,,,93.659142,0x0192a4,0.25,0x019298,0.056689,0x01929e
ammo9mmParabellumSubsonicJHP,ammo9mmParabellumSubsonic,386,0x0198c2,4,0x0198c8,52.066341,0x0198da,0.5,0x0198ce,0.123115,0x0198d4
ammo9mmParabellumSubsonicFMJ,ammo9mmParabellumSubsonic,386,0x019948,,,52.066341,0x01995a,0.25,0x01994e,0.123115,0x019954
ammo9mmParabellumNormalJHP,ammo9mmParabellumNormal,567,0x019c26,4,0x019c2c,85.53685,0x019c3e,0.5,0x019c32,0.065746,0x019c38
ammo9mmParabellumNormalFMJ,ammo9mmParabellumNormal,567,0x019ed9,,,85.53685,0x019eeb,0.25,0x019edf,0.065746,0x019ee5
ammo765mmAutoSubsonicJHP,ammo765mmAutoSubsonic,193,0x01a501,4,0x01a507,35.730709,0x01a519,0.5,0x01a50d,0.123115,0x01a513
ammo765mmAutoSubsonicFMJ,ammo765mmAutoSubsonic,193,0x01a587,,,35.730709,0x01a599,0.25,0x01a58d,0.123115,0x01a593
ammo765mmAutoNormalJHP,ammo765mmAutoNormal,240,0x01ac30,4,0x01ac36,44.484241,0x01ac48,0.5,0x01ac3c,0.098888,0x01ac42
ammo765mmAutoNormalFMJ,ammo765mmAutoNormal,240,0x01acfb,,,44.484241,0x01ad0d,0.25,0x01ad01,0.098888,0x01ad07
ammo762x54mmRSubsonicJHP,ammo762x54mmRSubsonic,2004,0x01b2f0,4,0x01b2f6,218.427338,0x01b308,0.25,0x01b2fc,0.037425,0x01b302
ammo762x54mmRSubsonicFMJ,ammo762x54mmRSubsonic,2004,0x029cee,,,218.427338,0x029d00,0.5,0x029cf4,0.037425,0x029cfa
ammo762x54mmRNormalJHP,ammo762x54mmRNormal,4008,0x029eaf,4,0x029eb5,485.492493,0x029ec7,0.25,0x029ebb,0.014945,0x029ec1
ammo762x54mmRNormalFMJ,ammo762x54mmRNormal,4008,0x029f35,,,485.492493,0x029f47,0.5,0x029f3b,0.014945,0x029f41
ammo762mmNATOSubsonicJHP,ammo762mmNATOSubsonic,1273,0x02a010,4,0x02a016,148.621918,0x02a028,0.5,0x02a01c,0.050903,0x02a022
ammo762mmNATOSubsonicFMJ,ammo762mmNATOSubsonic,1273,0x02a0af,,,148.621918,0x02a0c1,0.25,0x02a0b5,0.050903,0x02a0bb
ammo762mmNATONormalJHP,ammo762mmNATONormal,2547,0x02a2e2,4,0x02a2e8,395.613464,0x02a2fa,0.5,0x02a2ee,0.013744,0x02a2f4
ammo762mmNATONormalFMJ,ammo762mmNATONormal,2547,0x02a3d4,,,395.613464,0x02a3e6,0.25,0x02a3da,0.013744,0x02a3e0
ammo762mmM43SubsonicJHP,ammo762mmM43Subsonic,1008,0x02a596,4,0x02a59c,122.96579,0x02a5ae,0.5,0x02a5a2,0.058532,0x02a5a8
ammo762mmM43SubsonicFMJ,ammo762mmM43Subsonic,1008,0x02a628,,,122.96579,0x02a63a,0.25,0x02a62e,0.058532,0x02a634
ammo57x28mmSubsonicJHP,ammo57x28mmSubsonic,213,0x02abe2,4,0x02abe8,41.684834,0x02abfa,0.5,0x02abee,0.098592,0x02abf4
ammo57x28mmSubsonicFMJ,ammo57x28mmSubsonic,213,0x02ad69,,,41.684834,0x02ad7b,0.25,0x02ad6f,0.098592,0x02ad75
ammo57x28mmNormalJHP,ammo57x28mmNormal,427,0x02afb9,4,0x02afbf,114.799232,0x02afd1,0.5,0x02afc5,0.023669,0x02afcb
ammo57x28mmNormalFMJ,ammo57x28mmNormal,427,0x02b068,,,114.799232,0x02b07a,0.25,0x02b06e,0.023669,0x02b074
ammo556mmNATOSubsonicJHP,ammo556mmNATOSubsonic,721,0x02b162,4,0x02b168,154.943405,0x02b17a,0.5,0x02b16e,0.023578,0x02b174
ammo556mmNATOSubsonicFMJ,ammo556mmNATOSubsonic,721,0x02b361,,,154.943405,0x02b373,0.25,0x02b367,0.023578,0x02b36d
ammo556mmNATONormalJHP,ammo556mmNATONormal,1442,0x02b722,4,0x02b728,309.888885,0x02b73a,0.5,0x02b72e,0.011789,0x02b734
ammo556mmNATONormalFMJ,ammo556mmNATONormal,1442,0x02b82c,,,309.888885,0x02b83e,0.25,0x02b832,0.011789,0x02b838
ammo545mm7N6SubsonicJHP,ammo545mm7N6Subsonic,725,0x02ba8f,4,0x02ba95,155.803009,0x02baa7,0.5,0x02ba9b,0.023448,0x02baa1
ammo545mm7N6SubsonicFMJ,ammo545mm7N6Subsonic,650,0x02bb21,,,139.685455,0x02bb33,0.25,0x02bb27,0.026154,0x02bb2d
ammo545mm7N6NormalJHP,ammo545mm7N6Normal,1377,0x02bbcf,4,0x02bbd5,295.918274,0x02bbe7,0.5,0x02bbdb,0.012346,0x02bbe1
ammo545mm7N6NormalFMJ,ammo545mm7N6Normal,1377,0x02bc55,,,295.918274,0x02bc67,0.25,0x02bc5b,0.012346,0x02bc61
ammo50calPistolSubsonicJHP,ammo50calPistolSubsonic,921,0x02bd1a,4,0x02bd20,82.530083,0x02bd32,0.5,0x02bd26,0.123115,0x02bd2c
ammo50calPistolSubsonicFMJ,ammo50calPistolSubsonic,921,0x02bda0,,,82.530083,0x02bdb2,0.25,0x02bda6,0.123115,0x02bdac
ammo50calPistolNormalJHP,ammo50calPistolNormal,1769,0x02be5d,4,0x02be63,158.531937,0x02be75,0.5,0x02be69,0.064092,0x02be6f
ammo50calPistolNormalFMJ,ammo50calPistolNormal,1769,0x02bee3,,,158.531937,0x02bef5,0.25,0x02bee9,0.064092,0x02beef
ammo50calM33SubsonicJHP,ammo50calM33Subsonic,7500,0x02bff5,4,0x02bffb,459.578766,0x02c00d,0.5,0x02c001,0.033333,0x02c007
ammo50calM33SubsonicFMJ,ammo50calM33Subsonic,7500,0x02c07b,,,459.578766,0x02c08d,0.25,0x02c081,0.033333,0x02c087
ammo45calAutoSubsonicJHP,ammo45calAutoSubsonic,609,0x02c695,4,0x02c69b,66.398804,0x02c6ad,0.5,0x02c6a1,0.123115,0x02c6a7
ammo45calAutoSubsonicFMJ,ammo45calAutoSubsonic,609,0x02c733,,,66.398804,0x02c745,0.25,0x02c739,0.123115,0x02c73f
ammo45calAutoNormalJHP,ammo45calAutoNormal,730,0x02c7d4,4,0x02c7da,79.575562,0x02c7ec,0.5,0x02c7e0,0.102728,0x02c7e6
ammo45calAutoNormalFMJ,ammo45calAutoNormal,730,0x02c881,,,79.575562,0x02c893,0.25,0x02c887,0.102728,0x02c88d
ammo40calAutoSubsonicJHP,ammo40calAutoSubsonic,475,0x02c9d3,4,0x02c9d9,58.196533,0x02c9eb,0.5,0x02c9df,0.123115,0x02c9e5
ammo40calAutoSubsonicFMJ,ammo40calAutoSubsonic,475,0x02ca87,,,58.196533,0x02ca99,0.25,0x02ca8d,0.123115,0x02ca93
ammo40calAutoNormalJHP,ammo40calAutoNormal,584,0x02cbcd,4,0x02cbd3,76.572327,0x02cbe5,0.5,0x02cbd9,0.086505,0x02cbdf
ammo40calAutoNormalFMJ,ammo40calAutoNormal,584,0x02ccf0,,,76.572327,0x02cd02,0.25,0x02ccf6,0.086505,0x02ccfc
ammo357calMagnumSubsonicJHP,ammo357calMagnumSubsonic,450,0x02cd9c,4,0x02cda2,60.143383,0x02cdb4,0.5,0x02cda8,0.107778,0x02cdae
ammo357calMagnumSubsonicFMJ,ammo357calMagnumSubsonic,450,0x02ce3a,,,60.143383,0x02ce4c,0.25,0x02ce40,0.107778,0x02ce46
ammo357calMagnumNormalJHP,ammo357calMagnumNormal,922,0x02cf78,4,0x02cf7e,123.222511,0x02cf90,0.5,0x02cf84,0.052605,0x02cf8a
ammo357calMagnumNormalFMJ,ammo357calMagnumNormal,922,0x02d00a,,,123.222511,0x02d01c,0.25,0x02d010,0.052605,0x02d016
ammo30calMagnumSubsonicJHP,ammo30calMagnumSubsonic,691,0x02d0b7,4,0x02d0bd,79.16584,0x02d0cf,0.25,0x02d0c3,0.097656,0x02d0c9
ammo30calMagnumNormalFMJ,ammo30calMagnumNormal,5205,0x02d2a3,,,695.723328,0x02d2b5,0.25,0x02d2a9,0.009317,0x02d2af
ammo12gaugeSlug,ammo12gauge,3175,0x02d401,,,255.038742,0x02d413,0.25,0x02d407,0.044887,0x02d40d
ammo12gaugeBuck,ammo12gauge,298,0x033db3,,,63.333546,0x033dc5,0.25,0x033db9,0.058627,0x033dbf
ammo10mmAutoSubsonicJHP,ammo10mmAutoSubsonic,435,0x033e60,4,0x033e66,55.488365,0x033e78,0.5,0x033e6c,0.123115,0x033e72
ammo10mmAutoSubsonicFMJ,ammo10mmAutoSubsonic,435,0x033efe,,,55.488365,0x033f10,0.25,0x033f04,0.123115,0x033f0a
ammo10mmAutoNormalFMJ,ammo10mmAutoNormal,618,0x034025,,,78.971436,0x034037,0.25,0x03402b,0.086505,0x034031
